{
  "timestamp": 1740233529.5542018,
  "position": {
    "x": 0.0,
    "y": 0.0,
    "z": 0.5806937217712402
  },
  "velocity": {
    "x": 0.0,
    "y": 0.0,
    "z": 0.0
  },
  "orientation": {
    "w": 2.058344307442894e-06,
    "x": 0.0,
    "y": 0.0,
    "z": 0.9999999403953552
  },
  "battery": 75,
  "armed": false
}